<?xml version="1.0" encoding="UTF-8"?>
<metadata xml:lang="es"><Esri><CreaDate>20140625</CreaDate><CreaTime>14221500</CreaTime><ArcGISFormat>1.0</ArcGISFormat><ArcGISstyle>INSPIRE Metadata Directive</ArcGISstyle><SyncOnce>TRUE</SyncOnce><DataProperties><itemProps><itemLocation><linkage Sync="TRUE">file://\\DIEGOALONSO-HP\C$\Info_MappingGis\POST\Datos\Georreferenciacion_ArcGIS\marbe1_29.tif</linkage><protocol Sync="TRUE">Local Area Network</protocol></itemLocation></itemProps><copyHistory><copy source="C:\Info_MappingGis\CURSO_EXPERTO_GIS\Formacion_ArcGIS\DATOS_GEORREF_BORRAR\marbella\marbe1_29.tif" dest="\\DIEGOALONSO-HP\C$\Info_MappingGis\POST\Datos\Georreferenciacion_ArcGIS\marbe1_29.tif" date="20140625" time="14221500"></copy></copyHistory></DataProperties></Esri></metadata>
